row1,row2
1.792,31.12792969
1.834666667,31.12792969
1.877333333,0
1.92,0
1.962666667,0
2.005333333,0
2.048,0
2.090666667,0
2.133333333,0
2.176,0
2.218666667,0
2.261333333,0
2.304,0
2.346666667,0
2.389333333,0
2.432,0
2.474666667,0
2.517333333,0
2.56,2.563476563
2.602666667,2.563476563
2.645333333,2.563476563
2.688,2.563476563
2.730666667,2.563476563
2.773333333,2.563476563
2.816,2.563476563
2.858666667,2.563476563
2.901333333,2.563476563
2.944,2.563476563
2.986666667,2.563476563
3.029333333,2.563476563
3.072,2.563476563
3.114666667,2.563476563
3.157333333,2.563476563
3.2,2.563476563
3.242666667,2.563476563
3.285333333,2.197265625
3.328,2.197265625
3.370666667,2.197265625
3.413333333,2.197265625
3.456,2.197265625
3.498666667,2.197265625
3.541333333,2.197265625
3.584,2.197265625
3.626666667,2.197265625
3.669333333,2.197265625
3.712,2.197265625
3.754666667,2.197265625
3.797333333,2.197265625
3.84,2.197265625
3.882666667,2.197265625
3.925333333,2.197265625
3.968,2.197265625
4.010666667,2.197265625
4.053333333,2.197265625
4.096,2.197265625
4.138666667,2.197265625
4.181333333,2.197265625
4.224,2.197265625
4.266666667,2.197265625
4.309333333,2.197265625
4.352,2.197265625
4.394666667,2.197265625
4.437333333,2.197265625
4.48,31.12792969
4.522666667,31.12792969
4.565333333,31.12792969
4.608,31.12792969
4.650666667,31.12792969
4.693333333,31.12792969
4.736,30.76171875
4.778666667,30.76171875
4.821333333,30.76171875
4.864,30.39550781
4.906666667,30.39550781
4.949333333,30.39550781
4.992,30.02929688
5.034666667,30.02929688
5.077333333,30.02929688
5.12,29.66308594
5.162666667,31.12792969
5.205333333,31.12792969
5.248,31.12792969
5.290666667,31.12792969
5.333333333,31.12792969
5.376,31.12792969
5.418666667,31.12792969
5.461333333,30.76171875
5.504,30.76171875
5.546666667,30.76171875
5.589333333,30.76171875
5.632,30.39550781
5.674666667,30.39550781
5.717333333,30.39550781
5.76,30.02929688
5.802666667,30.02929688
5.845333333,30.02929688
5.888,30.02929688
5.930666667,29.66308594
5.973333333,29.66308594
6.016,29.66308594
6.058666667,29.296875
6.101333333,29.296875
6.144,29.296875
6.186666667,29.296875
6.229333333,28.93066406
6.272,28.93066406
6.314666667,28.93066406
6.357333333,28.93066406
6.4,28.56445313
6.442666667,28.56445313
6.485333333,28.56445313
6.528,28.19824219
6.570666667,28.19824219
6.613333333,28.19824219
6.656,28.19824219
6.698666667,27.83203125
6.741333333,27.83203125
6.784,27.83203125
6.826666667,27.83203125
6.869333333,27.46582031
6.912,27.46582031
6.954666667,27.46582031
6.997333333,27.46582031
7.04,27.09960938
7.082666667,27.09960938
7.125333333,27.09960938
7.168,27.09960938
7.210666667,27.09960938
7.253333333,26.73339844
7.296,26.73339844
7.338666667,26.73339844
7.381333333,26.73339844
7.424,26.3671875
7.466666667,26.3671875
7.509333333,26.3671875
7.552,26.3671875
7.594666667,26.3671875
7.637333333,26.00097656
7.68,26.00097656
7.722666667,26.00097656
7.765333333,26.00097656
7.808,25.63476563
7.850666667,25.63476563
7.893333333,25.63476563
7.936,25.63476563
7.978666667,25.63476563
8.021333333,25.26855469
8.064,25.26855469
8.106666667,25.26855469
8.149333333,25.26855469
8.192,25.26855469
8.234666667,24.90234375
8.277333333,24.90234375
8.32,24.90234375
8.362666667,24.90234375
8.405333333,24.90234375
8.448,24.53613281
8.490666667,24.53613281
8.533333333,24.53613281
8.576,24.53613281
8.618666667,24.53613281
8.661333333,24.16992188
8.704,24.16992188
8.746666667,24.16992188
8.789333333,24.16992188
8.832,24.16992188
8.874666667,23.80371094
8.917333333,23.80371094
8.96,23.80371094
9.002666667,23.80371094
9.045333333,23.80371094
9.088,23.4375
9.130666667,23.4375
9.173333333,23.4375
9.216,23.4375
9.258666667,23.4375
9.301333333,23.4375
9.344,23.07128906
9.386666667,23.07128906
9.429333333,23.07128906
9.472,23.07128906
9.514666667,23.07128906
9.557333333,23.07128906
9.6,22.70507813
9.642666667,22.70507813
9.685333333,22.70507813
9.728,22.70507813
9.770666667,22.70507813
9.813333333,22.33886719
9.856,22.33886719
9.898666667,22.33886719
9.941333333,22.33886719
9.984,22.33886719
10.02666667,22.33886719
10.06933333,21.97265625
10.112,21.97265625
10.15466667,21.97265625
10.19733333,21.97265625
10.24,21.97265625
10.28266667,21.97265625
10.32533333,21.60644531
10.368,21.60644531
10.41066667,21.60644531
10.45333333,21.60644531
10.496,21.60644531
10.53866667,21.60644531
10.58133333,21.60644531
10.624,21.24023438
10.66666667,21.24023438
10.70933333,21.24023438
10.752,21.24023438
10.79466667,21.24023438
10.83733333,21.24023438
10.88,21.24023438
10.92266667,20.87402344
10.96533333,20.87402344
11.008,20.87402344
11.05066667,20.87402344
11.09333333,20.87402344
11.136,20.87402344
11.17866667,20.87402344
11.22133333,20.5078125
11.264,20.5078125
11.30666667,20.5078125
11.34933333,20.5078125
11.392,20.5078125
11.43466667,20.5078125
11.47733333,20.5078125
11.52,20.14160156
11.56266667,20.14160156
11.60533333,20.14160156
11.648,20.14160156
11.69066667,20.14160156
11.73333333,20.14160156
11.776,20.14160156
11.81866667,19.77539063
11.86133333,19.77539063
11.904,19.77539063
11.94666667,19.77539063
11.98933333,19.77539063
12.032,19.77539063
12.07466667,19.77539063
12.11733333,19.77539063
12.16,19.40917969
12.20266667,19.40917969
12.24533333,19.40917969
12.288,19.40917969
12.33066667,19.40917969
12.37333333,19.40917969
12.416,19.40917969
12.45866667,19.40917969
12.50133333,19.04296875
12.544,19.04296875
12.58666667,19.04296875
12.62933333,19.04296875
12.672,19.04296875
12.71466667,19.04296875
12.75733333,19.04296875
12.8,19.04296875
12.84266667,18.67675781
12.88533333,18.67675781
12.928,18.67675781
12.97066667,18.67675781
13.01333333,18.67675781
13.056,18.67675781
13.09866667,18.67675781
13.14133333,18.67675781
13.184,18.31054688
13.22666667,18.31054688
13.26933333,18.31054688
13.312,18.31054688
13.35466667,18.31054688
13.39733333,18.31054688
13.44,18.31054688
13.48266667,18.31054688
13.52533333,18.31054688
13.568,17.94433594
13.61066667,17.94433594
13.65333333,17.94433594
13.696,17.94433594
13.73866667,17.94433594
13.78133333,17.94433594
13.824,17.94433594
13.86666667,17.94433594
13.90933333,17.94433594
13.952,17.578125
13.99466667,17.578125
14.03733333,17.578125
14.08,17.578125
14.12266667,17.578125
14.16533333,17.578125
14.208,17.578125
14.25066667,17.578125
14.29333333,17.578125
14.336,17.578125
14.37866667,17.21191406
14.42133333,17.21191406
14.464,17.21191406
14.50666667,17.21191406
14.54933333,17.21191406
14.592,17.21191406
14.63466667,17.21191406
14.67733333,17.21191406
14.72,17.21191406
14.76266667,17.21191406
14.80533333,16.84570313
14.848,16.84570313
14.89066667,16.84570313
14.93333333,16.84570313
14.976,16.84570313
15.01866667,16.84570313
15.06133333,16.84570313
15.104,16.84570313
15.14666667,16.84570313
15.18933333,16.84570313
15.232,16.47949219
15.27466667,16.47949219
15.31733333,16.47949219
15.36,16.47949219
15.40266667,16.47949219
15.44533333,16.47949219
15.488,16.47949219
15.53066667,16.47949219
15.57333333,16.47949219
15.616,16.47949219
15.65866667,16.47949219
15.70133333,16.11328125
15.744,16.11328125
15.78666667,16.11328125
15.82933333,16.11328125
15.872,16.11328125
15.91466667,16.11328125
15.95733333,16.11328125
16,16.11328125
16.04266667,16.11328125
16.08533333,16.11328125
16.128,16.11328125
16.17066667,16.11328125
16.21333333,15.74707031
16.256,15.74707031
16.29866667,15.74707031
16.34133333,15.74707031
16.384,15.74707031
16.42666667,15.74707031
16.46933333,15.74707031
16.512,15.74707031
16.55466667,15.74707031
16.59733333,15.74707031
16.64,15.74707031
16.68266667,15.38085938
16.72533333,15.38085938
16.768,15.38085938
16.81066667,15.38085938
16.85333333,15.38085938
16.896,15.38085938
16.93866667,15.38085938
16.98133333,15.38085938
17.024,15.38085938
17.06666667,15.38085938
17.10933333,15.38085938
17.152,15.38085938
17.19466667,15.38085938
17.23733333,15.01464844
17.28,15.01464844
17.32266667,15.01464844
17.36533333,15.01464844
17.408,15.01464844
17.45066667,15.01464844
17.49333333,15.01464844
17.536,15.01464844
17.57866667,15.01464844
17.62133333,15.01464844
17.664,15.01464844
17.70666667,15.01464844
17.74933333,14.6484375
17.792,14.6484375
17.83466667,14.6484375
17.87733333,14.6484375
17.92,14.6484375
17.96266667,14.6484375
18.00533333,14.6484375
18.048,14.6484375
18.09066667,14.6484375
18.13333333,14.6484375
18.176,14.6484375
18.21866667,14.6484375
18.26133333,14.6484375
18.304,14.6484375
18.34666667,14.28222656
18.38933333,14.28222656
18.432,14.28222656
18.47466667,14.28222656
18.51733333,14.28222656
18.56,14.28222656
18.60266667,14.28222656
18.64533333,14.28222656
18.688,14.28222656
18.73066667,14.28222656
18.77333333,14.28222656
18.816,14.28222656
18.85866667,14.28222656
18.90133333,14.28222656
18.944,13.91601563
18.98666667,13.91601563
19.02933333,13.91601563
19.072,13.91601563
19.11466667,13.91601563
19.15733333,13.91601563
19.2,13.91601563
19.24266667,13.91601563
19.28533333,13.91601563
19.328,13.91601563
19.37066667,13.91601563
19.41333333,13.91601563
19.456,13.91601563
19.49866667,13.91601563
19.54133333,13.54980469
19.584,13.54980469
19.62666667,13.54980469
19.66933333,13.54980469
19.712,13.54980469
19.75466667,13.54980469
19.79733333,13.54980469
19.84,13.54980469
19.88266667,13.54980469
19.92533333,13.54980469
19.968,13.54980469
20.01066667,13.54980469
20.05333333,13.54980469
20.096,13.54980469
20.13866667,13.54980469
20.18133333,13.54980469
20.224,13.18359375
20.26666667,13.18359375
20.30933333,13.18359375
20.352,13.18359375
20.39466667,13.18359375
20.43733333,13.18359375
20.48,13.18359375
20.52266667,13.18359375
20.56533333,13.18359375
20.608,13.18359375
20.65066667,13.18359375
20.69333333,13.18359375
20.736,13.18359375
20.77866667,13.18359375
20.82133333,13.18359375
20.864,13.18359375
20.90666667,12.81738281
20.94933333,12.81738281
20.992,12.81738281
21.03466667,12.81738281
21.07733333,12.81738281
21.12,12.81738281
21.16266667,12.81738281
21.20533333,12.81738281
21.248,12.81738281
21.29066667,12.81738281
21.33333333,12.81738281
21.376,12.81738281
21.41866667,12.81738281
21.46133333,12.81738281
21.504,12.81738281
21.54666667,12.81738281
21.58933333,12.45117188
21.632,12.45117188
21.67466667,12.45117188
21.71733333,12.45117188
21.76,12.45117188
21.80266667,12.45117188
21.84533333,12.45117188
21.888,12.45117188
21.93066667,12.45117188
21.97333333,12.45117188
22.016,12.45117188
22.05866667,12.45117188
22.10133333,12.45117188
22.144,12.45117188
22.18666667,12.45117188
22.22933333,12.45117188
22.272,12.45117188
22.31466667,12.45117188
22.35733333,12.45117188
22.4,12.08496094
22.44266667,12.08496094
22.48533333,12.08496094
22.528,12.08496094
22.57066667,12.08496094
22.61333333,12.08496094
22.656,12.08496094
22.69866667,12.08496094
22.74133333,12.08496094
22.784,12.08496094
22.82666667,12.08496094
22.86933333,12.08496094
22.912,12.08496094
22.95466667,12.08496094
22.99733333,12.08496094
23.04,12.08496094
23.08266667,12.08496094
23.12533333,11.71875
23.168,11.71875
23.21066667,11.71875
23.25333333,11.71875
23.296,11.71875
23.33866667,11.71875
23.38133333,11.71875
23.424,11.71875
23.46666667,11.71875
23.50933333,11.71875
23.552,11.71875
23.59466667,11.71875
23.63733333,11.71875
23.68,11.71875
23.72266667,11.71875
23.76533333,11.71875
23.808,11.71875
23.85066667,11.71875
23.89333333,11.71875
23.936,11.71875
23.97866667,11.35253906
24.02133333,11.35253906
24.064,11.35253906
24.10666667,11.35253906
24.14933333,11.35253906
24.192,11.35253906
24.23466667,11.35253906
24.27733333,11.35253906
24.32,11.35253906
24.36266667,11.35253906
24.40533333,11.35253906
24.448,11.35253906
24.49066667,11.35253906
24.53333333,11.35253906
24.576,11.35253906
24.61866667,11.35253906
24.66133333,11.35253906
24.704,11.35253906
24.74666667,11.35253906
24.78933333,11.35253906
24.832,11.35253906
24.87466667,10.98632813
24.91733333,10.98632813
24.96,10.98632813
25.00266667,10.98632813
25.04533333,10.98632813
25.088,10.98632813
25.13066667,10.98632813
25.17333333,10.98632813
25.216,10.98632813
25.25866667,10.98632813
25.30133333,10.98632813
25.344,10.98632813
25.38666667,10.98632813
25.42933333,10.98632813
25.472,10.98632813
25.51466667,10.98632813
25.55733333,10.98632813
25.6,10.98632813
25.64266667,10.98632813
25.68533333,10.98632813
25.728,10.98632813
25.77066667,10.98632813
25.81333333,10.62011719
25.856,10.62011719
25.89866667,10.62011719
25.94133333,10.62011719
25.984,10.62011719
26.02666667,10.62011719
26.06933333,10.62011719
26.112,10.62011719
26.15466667,10.62011719
26.19733333,10.62011719
26.24,10.62011719
26.28266667,10.62011719
26.32533333,10.62011719
26.368,10.62011719
26.41066667,10.62011719
26.45333333,10.62011719
26.496,10.62011719
26.53866667,10.62011719
26.58133333,10.62011719
26.624,10.62011719
26.66666667,10.62011719
26.70933333,10.62011719
26.752,10.25390625
26.79466667,10.62011719
26.83733333,10.25390625
26.88,10.25390625
26.92266667,10.25390625
26.96533333,10.25390625
27.008,10.25390625
27.05066667,10.25390625
27.09333333,10.25390625
27.136,10.25390625
27.17866667,10.25390625
27.22133333,10.25390625
27.264,10.25390625
27.30666667,10.25390625
27.34933333,10.25390625
27.392,10.25390625
27.43466667,10.25390625
27.47733333,10.25390625
27.52,10.25390625
27.56266667,10.25390625
27.60533333,10.25390625
27.648,10.25390625
27.69066667,10.25390625
27.73333333,10.25390625
27.776,10.25390625
27.81866667,9.887695313
27.86133333,9.887695313
27.904,9.887695313
27.94666667,9.887695313
27.98933333,9.887695313
28.032,9.887695313
28.07466667,9.887695313
28.11733333,9.887695313
28.16,9.887695313
28.20266667,9.887695313
28.24533333,9.887695313
28.288,9.887695313
28.33066667,9.887695313
28.37333333,9.887695313
28.416,9.887695313
28.45866667,9.887695313
28.50133333,9.887695313
28.544,9.887695313
28.58666667,9.887695313
28.62933333,9.887695313
28.672,9.887695313
28.71466667,9.887695313
28.75733333,9.887695313
28.8,9.887695313
28.84266667,9.521484375
28.88533333,9.887695313
28.928,9.521484375
28.97066667,9.521484375
29.01333333,9.521484375
29.056,9.521484375
29.09866667,9.521484375
29.14133333,9.521484375
29.184,9.521484375
29.22666667,9.521484375
29.26933333,9.521484375
29.312,9.521484375
29.35466667,9.521484375
29.39733333,9.521484375
29.44,9.521484375
29.48266667,9.521484375
29.52533333,9.521484375
29.568,9.521484375
29.61066667,9.521484375
29.65333333,9.521484375
29.696,9.521484375
29.73866667,9.521484375
29.78133333,9.521484375
29.824,9.521484375
29.86666667,9.521484375
29.90933333,9.521484375
29.952,9.521484375
29.99466667,9.155273438
30.03733333,9.521484375
30.08,9.155273438
30.12266667,9.155273438
30.16533333,9.155273438
30.208,9.155273438
30.25066667,9.155273438
30.29333333,9.155273438
30.336,9.155273438
30.37866667,9.155273438
30.42133333,9.155273438
30.464,9.155273438
30.50666667,9.155273438
30.54933333,9.155273438
30.592,9.155273438
30.63466667,9.155273438
30.67733333,9.155273438
30.72,9.155273438
30.76266667,9.155273438
30.80533333,9.155273438
30.848,9.155273438
30.89066667,9.155273438
30.93333333,9.155273438
30.976,9.155273438
31.01866667,9.155273438
31.06133333,9.155273438
31.104,9.155273438
31.14666667,9.155273438
31.18933333,8.7890625
31.232,9.155273438
31.27466667,8.7890625
31.31733333,8.7890625
31.36,8.7890625
31.40266667,8.7890625
31.44533333,8.7890625
31.488,8.7890625
31.53066667,8.7890625
31.57333333,8.7890625
31.616,8.7890625
31.65866667,8.7890625
31.70133333,8.7890625
31.744,8.7890625
31.78666667,8.7890625
31.82933333,8.7890625
31.872,8.7890625
31.91466667,8.7890625
31.95733333,8.7890625
32,8.7890625
32.04266667,8.7890625
32.08533333,8.7890625
32.128,8.7890625
32.17066667,8.7890625
32.21333333,8.7890625
32.256,8.7890625
32.29866667,8.7890625
32.34133333,8.7890625
32.384,8.7890625
32.42666667,8.422851563
32.46933333,8.7890625
32.512,8.422851563
32.55466667,8.422851563
32.59733333,8.422851563
32.64,8.422851563
32.68266667,8.422851563
32.72533333,8.422851563
32.768,8.422851563
32.81066667,8.422851563
32.85333333,8.422851563
32.896,8.422851563
32.93866667,8.422851563
32.98133333,8.422851563
33.024,8.422851563
33.06666667,8.422851563
33.10933333,8.422851563
33.152,8.422851563
33.19466667,8.422851563
33.23733333,8.422851563
33.28,8.422851563
33.32266667,8.422851563
33.36533333,8.422851563
33.408,8.422851563
33.45066667,8.422851563
33.49333333,8.422851563
33.536,8.422851563
33.57866667,8.422851563
33.62133333,8.422851563
33.664,8.422851563
33.70666667,8.422851563
33.74933333,8.056640625
33.792,8.422851563
33.83466667,8.056640625
33.87733333,8.056640625
33.92,8.056640625
33.96266667,8.056640625
34.00533333,8.056640625
34.048,8.056640625
34.09066667,8.056640625
34.13333333,8.056640625
34.176,8.056640625
34.21866667,8.056640625
34.26133333,8.056640625
34.304,8.056640625
34.34666667,8.056640625
34.38933333,8.056640625
34.432,8.056640625
34.47466667,8.056640625
34.51733333,8.056640625
34.56,8.056640625
34.60266667,8.056640625
34.64533333,8.056640625
34.688,8.056640625
34.73066667,8.056640625
34.77333333,8.056640625
34.816,8.056640625
34.85866667,8.056640625
34.90133333,8.056640625
34.944,8.056640625
34.98666667,8.056640625
35.02933333,8.056640625
35.072,8.056640625
35.11466667,7.690429688
35.15733333,8.056640625
35.2,7.690429688
35.24266667,7.690429688
35.28533333,8.056640625
35.328,7.690429688
35.37066667,7.690429688
35.41333333,7.690429688
35.456,7.690429688
35.49866667,7.690429688
35.54133333,7.690429688
35.584,7.690429688
35.62666667,7.690429688
35.66933333,7.690429688
35.712,7.690429688
35.75466667,7.690429688
35.79733333,7.690429688
35.84,7.690429688
35.88266667,7.690429688
35.92533333,7.690429688
35.968,7.690429688
36.01066667,7.690429688
36.05333333,7.690429688
36.096,7.690429688
36.13866667,7.690429688
36.18133333,7.690429688
36.224,7.690429688
36.26666667,7.690429688
36.30933333,7.690429688
36.352,7.690429688
36.39466667,7.690429688
36.43733333,7.690429688
36.48,7.690429688
36.52266667,7.32421875
36.56533333,7.690429688
36.608,7.690429688
36.65066667,7.32421875
36.69333333,7.32421875
36.736,7.32421875
36.77866667,7.32421875
36.82133333,7.32421875
36.864,7.32421875
36.90666667,7.32421875
36.94933333,7.32421875
36.992,7.32421875
37.03466667,7.32421875
37.07733333,7.32421875
37.12,7.32421875
37.16266667,7.32421875
37.20533333,7.32421875
37.248,7.32421875
37.29066667,7.32421875
37.33333333,7.32421875
37.376,7.32421875
37.41866667,7.32421875
37.46133333,7.32421875
37.504,7.32421875
37.54666667,7.32421875
37.58933333,7.32421875
37.632,7.32421875
37.67466667,7.32421875
37.71733333,7.32421875
37.76,7.32421875
37.80266667,7.32421875
37.84533333,7.32421875
37.888,7.32421875
37.93066667,7.32421875
37.97333333,7.32421875
38.016,6.958007813
38.05866667,7.32421875
38.10133333,7.32421875
38.144,6.958007813
38.18666667,6.958007813
38.22933333,7.32421875
38.272,6.958007813
38.31466667,6.958007813
38.35733333,6.958007813
38.4,6.958007813
38.44266667,6.958007813
38.48533333,6.958007813
38.528,6.958007813
38.57066667,6.958007813
38.61333333,6.958007813
38.656,6.958007813
38.69866667,6.958007813
38.74133333,6.958007813
38.784,6.958007813
38.82666667,6.958007813
38.86933333,6.958007813
38.912,6.958007813
38.95466667,6.958007813
38.99733333,6.958007813
39.04,6.958007813
39.08266667,6.958007813
39.12533333,6.958007813
39.168,6.958007813
39.21066667,6.958007813
39.25333333,6.958007813
39.296,6.958007813
39.33866667,6.958007813
39.38133333,6.958007813
39.424,6.958007813
39.46666667,6.958007813
39.50933333,6.958007813
39.552,6.958007813
39.59466667,6.591796875
39.63733333,6.958007813
39.68,6.958007813
39.72266667,6.591796875
39.76533333,6.591796875
39.808,6.958007813
39.85066667,6.591796875
39.89333333,6.591796875
39.936,6.591796875
39.97866667,6.591796875
40.02133333,6.591796875
40.064,6.591796875
40.10666667,6.591796875
40.14933333,6.591796875
40.192,6.591796875
40.23466667,6.591796875
40.27733333,6.591796875
40.32,6.591796875
40.36266667,6.591796875
40.40533333,6.591796875
40.448,6.591796875
40.49066667,6.591796875
40.53333333,6.591796875
40.576,6.591796875
40.61866667,6.591796875
40.66133333,6.591796875
40.704,6.591796875
40.74666667,6.591796875
40.78933333,6.591796875
40.832,6.591796875
40.87466667,6.591796875
40.91733333,6.591796875
40.96,6.591796875
41.00266667,6.591796875
41.04533333,6.591796875
41.088,6.591796875
41.13066667,6.591796875
41.17333333,6.591796875
41.216,6.591796875
41.25866667,6.225585938
41.30133333,6.591796875
41.344,6.591796875
41.38666667,6.225585938
41.42933333,6.225585938
41.472,6.225585938
41.51466667,6.591796875
41.55733333,6.225585938
41.6,6.225585938
41.64266667,6.225585938
41.68533333,6.225585938
41.728,6.225585938
41.77066667,6.225585938
41.81333333,6.225585938
41.856,6.225585938
41.89866667,6.225585938
41.94133333,6.225585938
41.984,6.225585938
42.02666667,6.225585938
42.06933333,6.225585938
42.112,6.225585938
42.15466667,6.225585938
42.19733333,6.225585938
42.24,6.225585938
42.28266667,6.225585938
42.32533333,6.225585938
42.368,6.225585938
42.41066667,6.225585938
42.45333333,6.225585938
42.496,6.225585938
42.53866667,6.225585938
42.58133333,6.225585938
42.624,6.225585938
42.66666667,6.225585938
42.70933333,6.225585938
42.752,6.225585938
42.79466667,6.225585938
42.83733333,6.225585938
42.88,6.225585938
42.92266667,6.225585938
42.96533333,6.225585938
43.008,5.859375
43.05066667,5.859375
43.09333333,6.225585938
43.136,6.225585938
43.17866667,5.859375
43.22133333,5.859375
43.264,6.225585938
43.30666667,5.859375
43.34933333,5.859375
43.392,5.859375
43.43466667,5.859375
43.47733333,5.859375
43.52,5.859375
43.56266667,5.859375
43.60533333,5.859375
43.648,5.859375
43.69066667,5.859375
43.73333333,5.859375
43.776,5.859375
43.81866667,5.859375
43.86133333,5.859375
43.904,5.859375
43.94666667,5.859375
43.98933333,5.859375
44.032,5.859375
44.07466667,5.859375
44.11733333,5.859375
44.16,5.859375
44.20266667,5.859375
44.24533333,5.859375
44.288,5.859375
44.33066667,5.859375
44.37333333,5.859375
44.416,5.859375
44.45866667,5.859375
44.50133333,5.859375
44.544,5.859375
44.58666667,5.859375
44.62933333,5.859375
44.672,5.859375
44.71466667,5.493164063
44.75733333,5.859375
44.8,5.859375
44.84266667,5.859375
44.88533333,5.493164063
44.928,5.493164063
44.97066667,5.859375
45.01333333,5.859375
45.056,5.493164063
45.09866667,5.493164063
45.14133333,5.493164063
45.184,5.493164063
45.22666667,5.493164063
45.26933333,5.493164063
45.312,5.493164063
45.35466667,5.493164063
45.39733333,5.493164063
45.44,5.493164063
45.48266667,5.493164063
45.52533333,5.493164063
45.568,5.493164063
45.61066667,5.493164063
45.65333333,5.493164063
45.696,5.493164063
45.73866667,5.493164063
45.78133333,5.493164063
45.824,5.493164063
45.86666667,5.493164063
45.90933333,5.493164063
45.952,5.493164063
45.99466667,5.493164063
46.03733333,5.493164063
46.08,5.493164063
46.12266667,5.493164063
46.16533333,5.493164063
46.208,5.493164063
46.25066667,5.493164063
46.29333333,5.493164063
46.336,5.493164063
46.37866667,5.493164063
46.42133333,5.493164063
46.464,5.493164063
46.50666667,5.493164063
46.54933333,5.126953125
46.592,5.493164063
46.63466667,5.493164063
46.67733333,5.493164063
46.72,5.126953125
46.76266667,5.126953125
46.80533333,5.493164063
46.848,5.493164063
46.89066667,5.126953125
46.93333333,5.126953125
46.976,5.126953125
47.01866667,5.126953125
47.06133333,5.126953125
47.104,5.126953125
47.14666667,5.126953125
47.18933333,5.126953125
47.232,5.126953125
47.27466667,5.126953125
47.31733333,5.126953125
47.36,5.126953125
47.40266667,5.126953125
47.44533333,5.126953125
47.488,5.126953125
47.53066667,5.126953125
47.57333333,5.126953125
47.616,5.126953125
47.65866667,5.126953125
47.70133333,5.126953125
47.744,5.126953125
47.78666667,5.126953125
47.82933333,5.126953125
47.872,5.126953125
47.91466667,5.126953125
47.95733333,5.126953125
48,5.126953125
48.04266667,5.126953125
48.08533333,5.126953125
48.128,5.126953125
48.17066667,5.126953125
48.21333333,5.126953125
48.256,5.126953125
48.29866667,5.126953125
48.34133333,5.126953125
48.384,5.126953125
48.42666667,5.126953125
48.46933333,4.760742188
48.512,5.126953125
48.55466667,5.126953125
48.59733333,5.126953125
48.64,4.760742188
48.68266667,4.760742188
48.72533333,4.760742188
48.768,5.126953125
48.81066667,4.760742188
48.85333333,4.760742188
48.896,4.760742188
48.93866667,4.760742188
48.98133333,4.760742188
49.024,4.760742188
49.06666667,4.760742188
49.10933333,4.760742188
49.152,4.760742188
49.19466667,4.760742188
49.23733333,4.760742188
49.28,4.760742188
49.32266667,4.760742188
49.36533333,4.760742188
49.408,4.760742188
49.45066667,4.760742188
49.49333333,4.760742188
49.536,4.760742188
49.57866667,4.760742188
49.62133333,4.760742188
49.664,4.760742188
49.70666667,4.760742188
49.74933333,4.760742188
49.792,4.760742188
49.83466667,4.760742188
49.87733333,4.760742188
49.92,4.760742188
49.96266667,4.760742188
50.00533333,4.760742188
50.048,4.760742188
50.09066667,4.760742188
50.13333333,4.760742188
50.176,4.760742188
50.21866667,4.760742188
50.26133333,4.760742188
50.304,4.760742188
50.34666667,4.760742188
50.38933333,4.760742188
50.432,4.760742188
50.47466667,4.760742188
50.51733333,4.760742188
50.56,4.39453125
50.60266667,4.39453125
50.64533333,4.760742188
50.688,4.760742188
50.73066667,4.39453125
50.77333333,4.39453125
50.816,4.39453125
50.85866667,4.39453125
50.90133333,4.760742188
50.944,4.39453125
50.98666667,4.39453125
51.02933333,4.39453125
51.072,4.39453125
51.11466667,4.39453125
51.15733333,4.39453125
51.2,4.39453125
51.24266667,4.39453125
51.28533333,4.39453125
51.328,4.39453125
51.37066667,4.39453125
51.41333333,4.39453125
51.456,4.39453125
51.49866667,4.39453125
51.54133333,4.39453125
51.584,4.39453125
51.62666667,4.39453125
51.66933333,4.39453125
51.712,4.39453125
51.75466667,4.39453125
51.79733333,4.39453125
51.84,4.39453125
51.88266667,4.39453125
51.92533333,4.39453125
51.968,4.39453125
52.01066667,4.39453125
52.05333333,4.39453125
52.096,4.39453125
52.13866667,4.39453125
52.18133333,4.39453125
52.224,4.39453125
52.26666667,4.39453125
52.30933333,4.39453125
52.352,4.39453125
52.39466667,4.39453125
52.43733333,4.39453125
52.48,4.39453125
52.52266667,4.39453125
52.56533333,4.39453125
52.608,4.028320313
52.65066667,4.39453125
52.69333333,4.39453125
52.736,4.39453125
52.77866667,4.028320313
52.82133333,4.028320313
52.864,4.028320313
52.90666667,4.028320313
52.94933333,4.39453125
52.992,4.028320313
53.03466667,4.028320313
53.07733333,4.028320313
53.12,4.028320313
53.16266667,4.028320313
53.20533333,4.028320313
53.248,4.028320313
53.29066667,4.028320313
53.33333333,4.028320313
53.376,4.028320313
53.41866667,4.028320313
53.46133333,4.028320313
53.504,4.028320313
53.54666667,4.028320313
53.58933333,4.028320313
53.632,4.028320313
53.67466667,4.028320313
53.71733333,4.028320313
53.76,4.028320313
53.80266667,4.028320313
53.84533333,4.028320313
53.888,4.028320313
53.93066667,4.028320313
53.97333333,4.028320313
54.016,4.028320313
54.05866667,4.028320313
54.10133333,4.028320313
54.144,4.028320313
54.18666667,4.028320313
54.22933333,4.028320313
54.272,4.028320313
54.31466667,4.028320313
54.35733333,4.028320313
54.4,4.028320313
54.44266667,4.028320313
54.48533333,4.028320313
54.528,4.028320313
54.57066667,4.028320313
54.61333333,4.028320313
54.656,4.028320313
54.69866667,4.028320313
54.74133333,4.028320313
54.784,4.028320313
54.82666667,3.662109375
54.86933333,4.028320313
54.912,4.028320313
54.95466667,4.028320313
54.99733333,4.028320313
55.04,3.662109375
55.08266667,3.662109375
55.12533333,3.662109375
55.168,3.662109375
55.21066667,4.028320313
55.25333333,3.662109375
55.296,3.662109375
55.33866667,3.662109375
55.38133333,3.662109375
55.424,3.662109375
55.46666667,3.662109375
55.50933333,3.662109375
55.552,3.662109375
55.59466667,3.662109375
55.63733333,3.662109375
55.68,3.662109375
55.72266667,3.662109375
55.76533333,3.662109375
55.808,3.662109375
55.85066667,3.662109375
55.89333333,3.662109375
55.936,3.662109375
55.97866667,3.662109375
56.02133333,3.662109375
56.064,3.662109375
56.10666667,3.662109375
56.14933333,3.662109375
56.192,3.662109375
56.23466667,3.662109375
56.27733333,3.662109375
56.32,3.662109375
56.36266667,3.662109375
56.40533333,3.662109375
56.448,3.662109375
56.49066667,3.662109375
56.53333333,3.662109375
56.576,3.662109375
56.61866667,3.662109375
56.66133333,3.662109375
56.704,3.662109375
56.74666667,3.662109375
56.78933333,3.662109375
56.832,3.662109375
56.87466667,3.662109375
56.91733333,3.662109375
56.96,3.662109375
57.00266667,3.662109375
57.04533333,3.662109375
57.088,3.662109375
57.13066667,3.662109375
57.17333333,3.662109375
57.216,3.295898438
57.25866667,3.295898438
57.30133333,3.295898438
57.344,3.295898438
57.38666667,3.662109375
57.42933333,3.662109375
57.472,3.295898438
57.51466667,3.295898438
57.55733333,3.295898438
57.6,3.295898438
57.64266667,3.295898438
57.68533333,3.295898438
57.728,3.295898438
57.77066667,3.295898438
57.81333333,3.295898438
57.856,3.295898438
57.89866667,3.295898438
57.94133333,3.295898438
57.984,3.295898438
58.02666667,3.295898438
58.06933333,3.295898438
58.112,3.295898438
58.15466667,3.295898438
58.19733333,3.295898438
58.24,3.295898438
58.28266667,3.295898438
58.32533333,3.295898438
58.368,3.295898438
58.41066667,3.295898438
58.45333333,3.295898438
58.496,3.295898438
58.53866667,3.295898438
58.58133333,3.295898438
58.624,3.295898438
58.66666667,3.295898438
58.70933333,3.295898438
58.752,3.295898438
58.79466667,3.295898438
58.83733333,3.295898438
58.88,3.295898438
58.92266667,3.295898438
58.96533333,3.295898438
59.008,3.295898438
59.05066667,3.295898438
59.09333333,3.295898438
59.136,3.295898438
59.17866667,3.295898438
59.22133333,3.295898438
59.264,3.295898438
59.30666667,3.295898438
59.34933333,3.295898438
59.392,3.295898438
59.43466667,3.295898438
59.47733333,3.295898438
59.52,3.295898438
59.56266667,3.295898438
59.60533333,3.295898438
59.648,2.9296875
59.69066667,2.9296875
59.73333333,2.9296875
59.776,2.9296875
59.81866667,2.9296875
59.86133333,3.295898438
59.904,2.9296875
59.94666667,2.9296875
59.98933333,2.9296875
60.032,2.9296875
60.07466667,2.9296875
60.11733333,2.9296875
60.16,2.9296875
60.20266667,2.9296875
60.24533333,2.9296875
60.288,2.9296875
60.33066667,2.9296875
60.37333333,2.9296875
60.416,2.9296875
60.45866667,2.9296875
60.50133333,2.9296875
60.544,2.9296875
60.58666667,2.9296875
60.62933333,2.9296875
60.672,2.9296875
60.71466667,2.9296875
60.75733333,2.9296875
60.8,2.9296875
60.84266667,2.9296875
60.88533333,2.9296875
60.928,2.9296875
60.97066667,2.9296875
61.01333333,2.9296875
61.056,2.9296875
61.09866667,2.9296875
61.14133333,2.9296875
61.184,2.9296875
61.22666667,2.9296875
61.26933333,2.9296875
61.312,2.9296875
61.35466667,2.9296875
61.39733333,2.9296875
61.44,2.9296875
61.48266667,2.9296875
61.52533333,2.9296875
61.568,2.9296875
61.61066667,2.9296875
61.65333333,2.9296875
61.696,2.9296875
61.73866667,2.9296875
61.78133333,2.9296875
61.824,2.9296875
61.86666667,2.9296875
61.90933333,2.9296875
61.952,2.9296875
61.99466667,2.9296875
62.03733333,2.563476563
62.08,2.563476563
62.12266667,2.563476563
62.16533333,2.563476563
62.208,2.563476563
62.25066667,2.9296875
62.29333333,2.9296875
62.336,2.563476563
62.37866667,2.563476563
62.42133333,2.563476563
62.464,2.563476563
62.50666667,2.563476563
62.54933333,2.563476563
62.592,2.563476563
62.63466667,2.563476563
62.67733333,2.563476563
62.72,2.563476563
62.76266667,2.563476563
62.80533333,2.563476563
62.848,2.563476563
62.89066667,2.563476563
62.93333333,2.563476563
62.976,2.563476563
63.01866667,2.563476563
63.06133333,2.563476563
63.104,2.563476563
63.14666667,2.563476563
63.18933333,2.563476563
63.232,2.563476563
63.27466667,2.563476563
63.31733333,2.563476563
63.36,2.563476563
63.40266667,2.563476563
63.44533333,2.563476563
63.488,2.563476563
63.53066667,2.563476563
63.57333333,2.563476563
63.616,2.563476563
63.65866667,2.563476563
63.70133333,2.563476563
63.744,2.563476563
63.78666667,2.563476563
63.82933333,2.563476563
63.872,2.563476563
63.91466667,2.563476563
63.95733333,2.563476563
64,2.563476563
64.04266667,2.563476563
64.08533333,2.563476563
64.128,2.563476563
64.17066667,2.563476563
64.21333333,2.563476563
64.256,2.563476563
64.29866667,2.563476563
64.34133333,2.563476563
64.384,2.563476563
64.42666667,2.563476563
64.46933333,2.563476563
64.512,2.563476563
64.55466667,2.563476563
64.59733333,2.563476563
64.64,2.563476563
64.68266667,2.563476563
64.72533333,2.197265625
64.768,2.197265625
64.81066667,2.197265625
64.85333333,2.197265625
64.896,2.197265625
64.93866667,2.197265625
64.98133333,2.197265625
65.024,2.197265625
65.06666667,2.197265625
65.10933333,2.197265625
65.152,2.197265625
65.19466667,2.197265625
65.23733333,2.197265625
65.28,2.197265625
65.32266667,2.197265625
65.36533333,2.197265625
65.408,2.197265625
65.45066667,2.197265625
65.49333333,2.197265625
65.536,2.197265625
65.57866667,2.197265625
65.62133333,2.197265625
65.664,2.197265625
65.70666667,2.197265625
65.74933333,2.197265625
65.792,2.197265625
65.83466667,2.197265625
65.87733333,2.197265625
65.92,2.197265625
65.96266667,2.197265625
66.00533333,2.197265625
66.048,2.197265625
66.09066667,2.197265625
66.13333333,2.197265625
66.176,2.197265625
66.21866667,2.197265625
66.26133333,2.197265625
66.304,2.197265625
66.34666667,2.197265625
66.38933333,2.197265625
66.432,2.197265625
66.47466667,2.197265625
66.51733333,2.197265625
66.56,2.197265625
66.60266667,2.197265625
66.64533333,2.197265625
66.688,2.197265625
66.73066667,2.197265625
66.77333333,2.197265625
66.816,2.197265625
66.85866667,2.197265625
66.90133333,2.197265625
66.944,2.197265625
66.98666667,2.197265625
67.02933333,2.197265625
67.072,2.197265625
67.11466667,2.197265625
67.15733333,2.197265625
67.2,2.197265625
67.24266667,2.197265625
67.28533333,2.197265625
67.328,2.197265625
67.37066667,2.197265625
67.41333333,2.197265625
67.456,1.831054688
67.49866667,1.831054688
67.54133333,1.831054688
67.584,1.831054688
67.62666667,1.831054688
67.66933333,1.831054688
67.712,1.831054688
67.75466667,1.831054688
67.79733333,1.831054688
67.84,1.831054688
67.88266667,1.831054688
67.92533333,1.831054688
67.968,1.831054688
68.01066667,1.831054688
68.05333333,1.831054688
68.096,1.831054688
68.13866667,1.831054688
68.18133333,1.831054688
68.224,1.831054688
68.26666667,1.831054688
68.30933333,1.831054688
68.352,1.831054688
68.39466667,1.831054688
68.43733333,1.831054688
68.48,1.831054688
68.52266667,1.831054688
68.56533333,1.831054688
68.608,1.831054688
68.65066667,1.831054688
68.69333333,1.831054688
68.736,1.831054688
68.77866667,1.831054688
68.82133333,1.831054688
68.864,1.831054688
68.90666667,1.831054688
68.94933333,1.831054688
68.992,1.831054688
69.03466667,1.831054688
69.07733333,1.831054688
69.12,1.831054688
69.16266667,1.831054688
69.20533333,1.831054688
69.248,1.831054688
69.29066667,1.831054688
69.33333333,1.831054688
69.376,1.831054688
69.41866667,1.831054688
69.46133333,1.831054688
69.504,1.831054688
69.54666667,1.831054688
69.58933333,1.831054688
69.632,1.831054688
69.67466667,1.831054688
69.71733333,1.831054688
69.76,1.831054688
69.80266667,1.831054688
69.84533333,1.831054688
69.888,1.831054688
69.93066667,1.831054688
69.97333333,1.831054688
70.016,1.831054688
70.05866667,1.831054688
70.10133333,1.831054688
70.144,1.831054688
70.18666667,1.46484375
70.22933333,1.46484375
70.272,1.46484375
70.31466667,1.46484375
70.35733333,1.46484375
70.4,1.46484375
70.44266667,1.46484375
70.48533333,1.46484375
70.528,1.46484375
70.57066667,1.46484375
70.61333333,1.46484375
70.656,1.46484375
70.69866667,1.46484375
70.74133333,1.46484375
70.784,1.46484375
70.82666667,1.46484375
70.86933333,1.46484375
70.912,1.46484375
70.95466667,1.46484375
70.99733333,1.46484375
71.04,1.46484375
71.08266667,1.46484375
71.12533333,1.46484375
71.168,1.46484375
71.21066667,1.46484375
71.25333333,1.46484375
71.296,1.46484375
71.33866667,1.46484375
71.38133333,1.46484375
71.424,1.46484375
71.46666667,1.46484375
71.50933333,1.46484375
71.552,1.46484375
71.59466667,1.46484375
71.63733333,1.46484375
71.68,1.46484375
71.72266667,1.46484375
71.76533333,1.46484375
71.808,1.46484375
71.85066667,1.46484375
71.89333333,1.46484375
71.936,1.46484375
71.97866667,1.46484375
72.02133333,1.46484375
72.064,1.46484375
72.10666667,1.46484375
72.14933333,1.46484375
72.192,1.46484375
72.23466667,1.46484375
72.27733333,1.46484375
72.32,1.46484375
72.36266667,1.46484375
72.40533333,1.46484375
72.448,1.46484375
72.49066667,1.46484375
72.53333333,1.46484375
72.576,1.46484375
72.61866667,1.46484375
72.66133333,1.46484375
72.704,1.46484375
72.74666667,1.46484375
72.78933333,1.46484375
72.832,1.46484375
72.87466667,1.46484375
72.91733333,1.46484375
72.96,1.098632813
73.00266667,1.098632813
73.04533333,1.098632813
73.088,1.098632813
73.13066667,1.098632813
73.17333333,1.098632813
73.216,1.098632813
73.25866667,1.098632813
73.30133333,1.098632813
73.344,1.098632813
73.38666667,1.098632813
73.42933333,1.098632813
73.472,1.098632813
73.51466667,1.098632813
73.55733333,1.098632813
73.6,1.098632813
73.64266667,1.098632813
73.68533333,1.098632813
73.728,1.098632813
73.77066667,1.098632813
73.81333333,1.098632813
73.856,1.098632813
73.89866667,1.098632813
73.94133333,1.098632813
73.984,1.098632813
74.02666667,1.098632813
74.06933333,1.098632813
74.112,1.098632813
74.15466667,1.098632813
74.19733333,1.098632813
74.24,1.098632813
74.28266667,1.098632813
74.32533333,1.098632813
74.368,1.098632813
74.41066667,1.098632813
74.45333333,1.098632813
74.496,1.098632813
74.53866667,1.098632813
74.58133333,1.098632813
74.624,1.098632813
74.66666667,1.098632813
74.70933333,1.098632813
74.752,1.098632813
74.79466667,1.098632813
74.83733333,1.098632813
74.88,1.098632813
74.92266667,1.098632813
74.96533333,1.098632813
75.008,1.098632813
75.05066667,1.098632813
75.09333333,1.098632813
75.136,1.098632813
75.17866667,1.098632813
75.22133333,1.098632813
75.264,1.098632813
75.30666667,1.098632813
75.34933333,1.098632813
75.392,1.098632813
75.43466667,1.098632813
75.47733333,1.098632813
75.52,1.098632813
75.56266667,1.098632813
75.60533333,1.098632813
75.648,1.098632813
75.69066667,1.098632813
75.73333333,1.098632813
75.776,1.098632813
75.81866667,1.098632813
75.86133333,1.098632813
75.904,1.098632813
75.94666667,1.098632813
75.98933333,1.098632813
76.032,1.098632813
76.07466667,1.098632813
76.11733333,0.732421875
76.16,0.732421875
76.20266667,0.732421875
76.24533333,0.732421875
76.288,0.732421875
76.33066667,0.732421875
76.37333333,0.732421875
76.416,0.732421875
76.45866667,0.732421875
76.50133333,0.732421875
76.544,0.732421875
76.58666667,0.732421875
76.62933333,0.732421875
76.672,0.732421875
76.71466667,0.732421875
76.75733333,0.732421875
76.8,0.732421875
76.84266667,0.732421875
76.88533333,0.732421875
76.928,0.732421875
76.97066667,0.732421875
77.01333333,0.732421875
77.056,0.732421875
77.09866667,0.732421875
77.14133333,0.732421875
77.184,0.732421875
77.22666667,0.732421875
77.26933333,0.732421875
77.312,0.732421875
77.35466667,0.732421875
77.39733333,0.732421875
77.44,0.732421875
77.48266667,0.732421875
77.52533333,0.732421875
77.568,0.732421875
77.61066667,0.732421875
77.65333333,0.732421875
77.696,0.732421875
77.73866667,0.732421875
77.78133333,0.732421875
77.824,0.732421875
77.86666667,0.732421875
77.90933333,0.732421875
77.952,0.732421875
77.99466667,0.732421875
78.03733333,0.732421875
78.08,0.732421875
78.12266667,0.732421875
78.16533333,0.732421875
78.208,0.732421875
78.25066667,0.732421875
78.29333333,0.732421875
78.336,0.732421875
78.37866667,0.732421875
78.42133333,0.732421875
78.464,0.732421875
78.50666667,0.732421875
78.54933333,0.732421875
78.592,0.732421875
78.63466667,0.732421875
78.67733333,0.732421875
78.72,0.732421875
78.76266667,0.732421875
78.80533333,0.732421875
78.848,0.732421875
78.89066667,0.732421875
78.93333333,0.732421875
78.976,0.366210938
79.01866667,0.732421875
79.06133333,0.732421875
79.104,0.366210938
79.14666667,0.732421875
79.18933333,0.366210938
79.232,0.366210938
79.27466667,0.732421875
79.31733333,0.366210938
79.36,0.366210938
79.40266667,0.732421875
79.44533333,0.366210938
79.488,0.366210938
79.53066667,0.366210938
79.57333333,0.366210938
79.616,0.366210938
79.65866667,0.366210938
79.70133333,0.366210938
79.744,0.366210938
79.78666667,0.366210938
79.82933333,0.366210938
79.872,0.366210938
79.91466667,0.366210938
79.95733333,0.366210938
80,0.366210938
80.04266667,0.366210938
80.08533333,0.366210938
80.128,0.366210938
80.17066667,0.366210938
80.21333333,0.366210938
80.256,0.366210938
80.29866667,0.366210938
80.34133333,0.366210938
80.384,0.366210938
80.42666667,0.366210938
80.46933333,0.366210938
80.512,0.366210938
80.55466667,0.366210938
80.59733333,0.366210938
80.64,0.366210938
80.68266667,0.366210938
80.72533333,0.366210938
80.768,0.366210938
80.81066667,0
80.85333333,0.366210938
80.896,0
80.93866667,0.366210938
80.98133333,0
81.024,0.366210938
81.06666667,0.366210938
81.10933333,0.366210938
81.152,0.366210938
81.19466667,0
81.23733333,0.366210938
81.28,0
81.32266667,0
81.36533333,0.366210938
81.408,0
81.45066667,0
81.49333333,0.366210938
81.536,0
81.57866667,0.366210938
81.62133333,0.366210938
81.664,0
81.70666667,0.366210938
81.74933333,0.366210938
81.792,0
81.83466667,0.366210938
81.87733333,0.366210938
81.92,0
81.96266667,0
82.00533333,0.366210938
82.048,0
82.09066667,0
82.13333333,0.366210938
82.176,0.366210938
82.21866667,0
82.26133333,0
82.304,0.366210938
82.34666667,0.366210938
82.38933333,0
82.432,0
82.47466667,0.366210938
82.51733333,0
82.56,0
82.60266667,0
82.64533333,0.366210938
82.688,0.366210938
82.73066667,0
82.77333333,0
82.816,0.366210938
82.85866667,0.366210938
82.90133333,0
82.944,0
82.98666667,0
83.02933333,0
83.072,0.366210938
83.11466667,0
83.15733333,0
83.2,0
83.24266667,0
83.28533333,0.366210938
83.328,0
83.37066667,0
83.41333333,0
83.456,0
83.49866667,0
83.54133333,0.366210938
83.584,0
83.62666667,0
83.66933333,0
83.712,0
83.75466667,0
83.79733333,0.366210938
83.84,0
83.88266667,0
83.92533333,0
83.968,0
84.01066667,0
84.05333333,0
84.096,0.366210938
84.13866667,0
84.18133333,0
84.224,0
84.26666667,0
84.30933333,0
84.352,0
84.39466667,0
84.43733333,0
84.48,0.366210938
84.52266667,0
84.56533333,0
84.608,0
84.65066667,0
84.69333333,0
84.736,0
84.77866667,0
84.82133333,0
84.864,0
84.90666667,0.366210938
84.94933333,0
84.992,0
85.03466667,0
85.07733333,0
85.12,0
85.16266667,0
85.20533333,0
85.248,0
85.29066667,0
85.33333333,0
85.376,0
85.41866667,0
85.46133333,0
85.504,0
85.54666667,0
